"","x_1","x_2","x_3","x_4","x_5","x_6","x_7","x_8","x_10","x_11"
"1",15.1903329204006,16.9309541268597,4049.55387201287,3,59.8398672120477,45.3207879100317,0.695116576367345,2.77941823466806,0.561008209374002,0.0789500929563084
"2",18.5373713856077,22.3003586748032,9302.27385936711,2,78.4361471273978,57.4528070907232,58.5444475729731,2.70716738354122,10.4882165668357,86.1975699179012
"3",21.2939410812063,23.4904875408782,6419.3625857363,1,87.2545908594289,60.8780169095448,89.31945306018,3.03138200285483,1.66088027447571,6.10576645904604
"4",14.2393405704243,16.8599566536219,8792.03076140372,4,53.9655443673259,43.1245088654967,2.64894470411321,2.73076478540456,12.7055946643179,201.053741846102
"5",20.9789141314319,22.612419845985,6322.03772169936,2,83.4136550264197,61.6913634335058,60.6527920094698,3.133908037256,14.3428337796334,264.757126695534
"6",20.1506197230082,26.6699187879718,6538.94353303219,2,84.0154823555712,59.1807709311868,57.8378651978797,2.93093043024118,-0.777338880350271,1.6506395640292
"7",20.4270886580614,22.2139401610385,4377.19090439695,2,81.6379402104041,63.8937341807182,63.0977577484141,2.99792454018894,3.26401179755484,21.8925234975772
"8",25.5830510635763,28.7774083808741,16655.7977013225,3,97.9322852872686,71.7675440610047,2.79150929460126,3.37311060277389,2.43969989505352,5.10592763849329
"9",13.9057129221101,17.0000785592861,5292.35254454341,3,54.1205503733163,42.3973871441771,4.92395320431044,2.44554498633877,-1.01925199275455,2.72317054095113
"10",26.3368436104494,28.4583521918415,28591.3635886814,1,106.899896355365,85.1647530096627,107.403527646808,3.06859992450154,-18.2151163932758,298.756230850634
"11",16.2760920193243,19.5365278780802,6648.97683399503,2,61.5919089485337,50.0056982681936,52.1301411252181,2.94223891867059,-3.6448363795762,33.7737396743305
"12",14.3439071458213,18.0016142086992,3396.1962949735,1,52.6154189344081,42.2075457730649,54.6454257548753,2.38957538261218,-6.34509404772817,37.5374170546403
"13",16.4182075498351,20.1840040793502,9590.80813100303,1,64.4458875603639,45.5914315425983,64.0071910182556,2.73274564272369,16.3323970557666,153.947266284264
"14",21.2632618482311,22.0279012221239,17447.3278479218,4,83.7151263086185,60.9432095943258,2.7024891591879,2.8501909140764,5.28003108427703,91.9328167221864
"15",20.760228533278,22.8574024163735,5531.02553858149,1,82.1550372843814,60.6788608722672,84.6085809580767,2.75974907606512,24.9300140276054,548.723767696558
"16",18.4617178516079,21.2953340167765,6153.91580015097,2,69.3422193829324,57.4171892423592,56.8672559724971,2.79637620154525,7.03235467678785,60.0847330659218
"17",15.2349133454594,18.1694139287673,4281.60077087995,2,60.5849702677337,49.6438584813092,51.6386562479174,2.63849861281113,2.00516857167651,2.79466578085039
"18",16.7587859427576,19.2531479217817,10229.4577908394,2,63.2065018384596,51.084279542472,50.7078999967744,3.01299912430662,-2.75481233323464,0.146347615761484
"19",26.1215681214029,29.6418548360681,15922.0682116701,2,106.355582322709,81.7794612823977,83.3546956841805,3.43664609161089,-8.37903714513231,63.5430758253301
"20",20.9990580399148,24.0347595229897,13473.9617904787,1,81.6790761248449,66.683683766867,81.2937075668868,3.07754736078002,4.24497148453596,10.8412846279299
"21",17.1075813907001,19.1968918266928,4846.56261978734,3,69.7462125776983,53.4648001933651,1.57832089496351,2.7114771577802,5.14853582621538,45.2822802391833
"22",15.2884963326123,19.2028394566272,9820.56955881411,1,60.1453252264418,49.1218661939343,60.7346589330331,2.92796107005966,-20.1557033576021,481.210653795903
"23",18.98135910169,21.6446499808247,7059.72897761791,2,75.8478817074768,61.546926263355,61.5258861440638,2.74506734367822,-20.3708738361697,274.465090132519
"24",11.6676257998492,14.7623886565956,2122.37214534695,1,47.9805750126684,29.4834737849255,48.0454151575887,2.40111192653723,12.5928493895989,153.659704388717
"25",17.577724454245,22.7049451706334,8990.73599026859,1,72.6892240500435,52.8546992635986,73.0870776649201,2.81957176193339,-1.23166447282889,2.60602199573176
"26",16.294636696392,19.4912211748828,9044.20610222589,4,68.7636493639031,42.4336874545824,3.35955132067471,2.60127483826916,4.72772420248968,44.1614999537688
"27",25.8030788962067,27.8354741566529,25302.0257598725,3,106.241850140283,78.0598489280265,3.95027566568168,3.37216447868816,4.00488353603445,2.63153049607244
"28",25.0603356246712,27.7754383798278,32153.1150196723,4,98.5442298950265,73.3874019866913,2.3112503536262,2.9862492192702,-19.1239843963663,294.125369619335
"29",19.6396076295672,22.8040536265933,9664.62128914703,4,70.4572053779741,58.6907517120379,2.60549703630903,2.75998170866527,5.7589109052906,29.7900892477482
"30",14.3160885095034,16.2042176989791,3282.79030515957,4,59.1552364394122,39.7692431814396,2.41289205135227,2.80834439385514,-12.7190616324304,158.746258017767
"31",24.5031236449134,25.5737588256569,7267.07114292323,1,103.35394663675,71.8667073913712,103.896657781219,3.25432558990735,-11.3392697541763,75.7790867337648
"32",24.2588522354611,26.7885913787667,14438.9226601937,2,99.6164141300192,73.0625796013294,70.9070360026598,3.2147790650545,1.70380353118651,3.12421378207177
"33",23.6385758707724,27.1729637047361,17065.0431866901,3,88.6770589098291,75.0223242208236,3.60389683784322,3.12184122901402,4.53573538141863,19.4503552141149
"34",23.682510728443,25.7614607857346,16300.1410901131,3,96.0054589391539,72.373692727502,3.84320763178998,3.17152457791206,-9.3794231570942,180.45220758738
"35",18.2393519152715,21.9237262678967,3128.43044428445,3,76.4231295379634,48.4924363541344,1.10821578988867,3.13920234054951,-7.45655053958638,36.6594534875453
"36",23.5275775674276,28.0496563375386,16174.2727580309,1,89.6014032569367,69.6593037118025,90.2610925227611,3.05341982180077,-7.23969258456599,114.966978292971
"37",26.5017899436604,29.6964032485972,20901.4107478595,4,102.1908145768,75.1429811927797,2.65677046331922,3.21312284817817,-0.120646751553281,4.41715803324219
"38",20.1912600707214,24.8884847882298,11460.3306616823,3,77.522861574796,64.5026291544065,2.57590785610849,3.01769777421374,-1.30582888315578,0.383313496890875
"39",15.1035811500186,18.3816493362361,6540.03394396014,3,55.9956474622994,49.7210032909536,1.65312771862155,2.93308635025296,0.0162924561630076,0.22957972136747
"40",23.9688061543627,26.3977956915142,16340.1817792932,4,98.03854528046,76.4377055518728,2.01059315955106,3.36655810724135,6.87943650178769,27.3272530586393
"41",23.9325343600472,26.7746549200564,29577.2241550272,3,93.7991254060322,71.6246371940351,3.13114599127608,3.12111724133383,-0.207371241581635,0.470553897705918
"42",18.4476843452035,23.936023698693,9788.2171014363,3,73.5136230823002,55.7572678732269,5.20600746489715,2.76843545768998,-8.39708786981229,15.1803483874647
"43",28.4944242277955,32.5657933218326,33695.7616134332,2,110.893583471761,88.5113056793048,89.8908289764368,3.29121697474149,-3.1441279248991,19.2315589392106
"44",16.0270314572536,19.3692505337971,2593.01224869742,1,67.4335316910798,47.792548496892,65.2989474149039,2.83696183014584,-5.50035837268236,27.4664864735285
"45",21.7421885809001,24.963516007546,11124.2011632734,1,84.7302374990817,71.4606763521997,84.8375700236965,3.09377883284001,25.9295388982638,667.880617706811
"46",8.6729946324111,11.7413573744711,781.059004993628,4,34.6887785777757,26.1614880808612,4.3960936662038,2.19530932142807,-0.0993352007874935,0.595542659575814
"47",19.1889736048588,22.4963952072693,14297.8422791111,1,79.4452918523583,61.0634537299388,80.2993596335946,2.95380816754335,17.5806074921233,249.99806123958
"48",25.6543249572944,30.1629588208131,14467.983420906,4,103.309282946271,78.7412935278101,2.92551876194855,2.93099820042821,16.7366852723415,356.243728910188
"49",17.7222701186977,21.3381123577979,4889.57050844693,3,76.4675824337111,52.1976352350607,1.9563768504938,2.89120216441191,-3.23772789039847,0.383367420305779
"50",15.5041684223056,18.5939804403922,8826.68887994067,3,61.2245261875122,46.2829501115552,3.01575521010097,2.57394566130327,-2.26002850732268,7.1131038651236
"51",23.6341945086562,24.2357417784375,9683.60818696254,4,93.7975187257271,65.9554703733166,2.43135160005637,3.14597529384351,1.16297741299766,11.8139461937118
"52",15.9527954906738,19.0006027814695,7472.61822518088,2,63.1079184042828,48.041991541793,47.9126785540768,2.74799517529168,-11.7864840238156,99.161328049947
"53",21.3354255797762,24.6715689348061,8235.84754894081,4,85.4446066631881,64.5527298389796,3.07254059961158,2.9095332018006,-1.39988183645031,0.0745594745134392
"54",11.313681447332,14.7485271833633,2502.07339715029,2,43.4682521507754,31.9662435755904,34.2162929982972,2.51580042104339,7.10221221192964,45.1634360256103
"55",12.9428743209556,16.1538979499547,2998.77928923255,2,58.0804621977088,36.2303698628283,37.1275757800415,2.56699798136868,-9.76966052057476,97.7984627532195
"56",17.7322438661076,20.8430373551168,5960.02906381202,4,71.5124087667842,53.0066017981327,2.54129516433055,2.92959899706637,7.51787585807533,90.7684298300513
"57",14.8225436231597,15.8292207124638,5018.21302480567,1,59.423240143469,44.5660011560476,59.0892697607026,2.71659499126358,6.21912151957358,37.1944744013139
"58",26.8107144662964,31.3157301714341,17074.641473952,3,107.261152202717,85.0289321430065,4.01714602707331,3.02456485454258,4.02964499203859,34.6873246273749
"59",24.5872836848751,27.9414408037231,21664.9269430776,4,93.6088238779756,75.1278151864285,3.93788457400251,3.29570344493055,-7.19034042789893,56.562100112407
"60",16.0742891946158,19.5091269748186,11516.8905172194,4,65.4998851417084,46.530863946762,2.24639199210415,2.73985813519489,3.09635371637155,54.3077217001053
"61",22.8675908657363,26.6358347805571,13919.7934715438,3,92.3003797511211,66.3079470173774,1.74148527203637,3.1436890222625,14.9420322475254,277.404820960475
"62",24.5909810386889,28.0006694073402,24911.536097209,4,96.7501764613412,75.3001014048777,3.41167933928909,3.20582526636388,-2.6194496690783,0.380482926919749
"63",21.2814363649286,22.3047847639157,7567.11726216511,1,84.2025706346585,68.5489521946532,84.6839239866707,2.88056020885025,-25.9613162066119,790.90464570538
"64",21.7598327796879,23.6722534162226,5911.69175811436,2,85.9992661866341,71.5913364794539,70.3723831208804,3.09067423682688,-1.12632253918556,3.75324288304349
"65",25.871686785478,29.9365507552148,16395.8508562876,2,104.92583221606,80.1151423858526,80.3327761578209,3.33858698976569,-0.742283113950537,10.6366078339387
"66",17.595768123554,22.7159706604334,10433.2774942392,2,68.1847622074861,48.1905563929127,48.3025704249501,3.1190724328607,-22.5142776628663,467.70353750584
"67",17.905851389322,20.4000138558588,10980.386639595,2,69.5995081519668,56.9645611052672,56.0495097196129,3.00558131364315,4.05570456727243,45.4947236607301
"68",24.7755640161018,28.1825510966336,9818.17023278162,4,100.333930488569,74.2174949005285,4.63886355920049,3.08143940323019,-4.3639929297495,16.357313507148
"69",13.5549669452607,18.5949926991972,3960.37513808328,2,52.2101494530204,39.0075799444837,37.8141811720949,2.6135575697403,9.38411137859232,77.1126944700938
"70",20.9309871653752,23.7370517929711,11225.6239064698,3,82.8622262768476,58.53547105167,4.5665306557622,3.00720275522651,-13.6637610751209,147.872265251775
"71",19.8433724902639,24.21359538554,5293.70434744297,1,79.8551874751781,59.7640922731164,80.169143020651,2.7880606323053,5.04414103474574,21.8828643744622
"72",22.3354865492329,24.8201292014486,17185.0395819107,4,90.503965402958,69.527429966443,2.74489172261883,3.10357878520567,-1.80263408663394,2.41439165014208
"73",25.1209883710228,27.4027555649475,17429.3569261776,2,98.1574425771461,70.2333974019287,71.0699281945422,3.22613136687188,-7.79540014205011,19.3650267414944
"74",21.336792261172,24.1595499757351,11895.6875278426,2,88.6947212091791,64.8436568891458,66.3346141225893,3.1545767728641,4.66767791975757,0.646298437703128
"75",21.159130514301,23.7575540509841,4503.71815123902,1,85.0564008672282,65.6977282371796,84.2417155030073,3.07584257856858,3.68190703895986,14.3545662938722
"76",23.737962322612,27.5678458902336,23794.428377681,1,91.7133898717264,67.3943759414425,90.9391745034288,3.39102250667714,4.62341194168338,18.9181785587357
"77",26.0853425526211,28.2995359382632,26087.4156550872,1,102.096596095596,81.6519561153882,101.828275365326,3.50660227633243,15.6714042126542,280.135414362902
"78",21.9167917258413,23.9782905092961,15089.829570958,1,87.1692984990363,66.4563172617591,87.0228298849376,2.89836408189051,9.20042422340203,50.82412213911
"79",15.0597358920394,18.4775426600523,4015.86290045729,3,60.2726217665558,44.7844206401649,2.37626957257173,2.67463077977742,-5.5613480844441,70.486396063618
"80",19.2157354490158,24.3138332926669,8020.87375673719,3,76.3745111296777,55.9644169143093,4.13978607271786,3.09960017445076,2.48403829679295,6.08999552637756
"81",28.6776760812404,31.2288137395271,30838.367444896,2,109.697999324243,90.8130682290854,89.0855544645035,3.43731579502176,-1.29536987240217,0.00280455971874795
"82",18.2385084724996,20.1432203800094,6234.62192110454,4,73.6491717978666,53.0696247481879,2.91859956408228,3.07315342361919,-27.5056573828341,594.223081354607
"83",23.4432002206286,25.9142274701666,19825.8307677117,4,92.0203489498578,70.1098176628954,2.58674477475987,3.08670838988633,11.6886379955472,102.539951600757
"84",26.1220304790137,28.6372365409631,29366.0513824581,4,106.100458680063,83.4724668103409,3.17792609714401,3.10561740455713,-4.71425239223168,15.3090659446665
"85",23.9714815165174,27.0992385585652,27519.9428161647,4,97.6313150317823,74.715962553364,1.38824015546592,3.00102887341037,0.326638449787144,2.948476856197
"86",19.9679880078914,22.8933149010671,7646.80123384389,3,82.3651295524325,58.7452513012404,3.93438461250294,2.8719906029332,-7.35357240687728,79.2875081917941
"87",21.095753175835,23.7365910402829,12220.9994264681,3,80.2748023294508,66.2960347416203,3.77976648006876,3.00194753284807,18.1816026820897,302.299577622228
"88",15.5676812449731,16.5192006859787,5813.80056635967,3,60.268818633622,40.438605040463,3.94885909626278,2.82743124758736,-0.554751711408701,0.0172239908619376
"89",22.1988014568596,24.4476214362679,9847.37864648216,2,89.4020409100031,64.1554973968823,64.5223757144274,3.01212545535461,-5.32159020402122,32.1426447787475
"90",15.5680512466723,16.9866682464954,7186.3994707212,1,62.0079075415175,44.5238896051958,60.9728964262302,2.47817051292102,-9.5976220292475,89.9278080717111
"91",15.7309077282251,18.4411316706677,6463.53244690797,1,62.4760737207155,47.2968237039258,62.2988405276554,3.00418195630826,0.16579755066964,1.72567030018028
"92",15.0500283462575,17.3580738182397,3025.42534173494,2,56.6524339425383,43.4789186819042,43.6095194651102,2.65475743180967,15.9029928930581,272.90739628635
"93",16.7456113153805,19.5736233696531,4342.8714024499,1,68.5596710436406,49.528027565353,68.5813639974458,2.94032156749282,-5.99446437829694,4.60138099549671
"94",25.26973330247,28.0471692922371,23608.7836457121,3,102.128459929767,78.0183781548265,2.51057098879889,3.34112853006462,-0.587262046274613,9.69205532991533
"95",18.0456098328458,21.9648511116765,10290.6803662577,2,70.2414264332905,53.819422432309,52.7383073724938,2.87842094830637,-3.65809569840637,6.69008407751571
"96",19.6470680319496,21.5370025518547,17346.5496177905,2,76.6467253611534,56.6803598282888,55.0538685951719,3.35329737511694,1.46617944663984,7.58493619289762
"97",17.6897459525148,20.0288569553085,7840.50949395794,3,68.2085642955358,48.743589456124,3.34868487171889,2.94300153336034,-18.6663296193313,319.871515204176
"98",22.7045413349513,24.8307664226413,12094.4562037699,2,91.2370197543105,67.4924001098522,68.1017192099359,3.04387141984721,4.22918813994406,11.9199331466226
"99",24.6581748546325,27.5253651534999,20725.5910498773,2,95.5136899040836,73.2948335734024,72.9110776255405,3.32280876765423,-15.9625216923575,275.851099248767
"100",18.953628273958,22.2591173775668,14151.0075076381,2,72.6694297405577,57.9488240065432,58.2135306644683,2.7943843966933,-8.2186455733209,98.8441369173126
"101",23.0867502423607,28.2505927270807,14972.4474228205,2,92.9470520061134,69.7875483590079,68.7116318350251,3.20022220339238,-1.20111913046634,8.81691032646765
"102",17.9746124365332,21.8549909413695,5899.18013442749,2,72.7827635570101,58.4007824573128,56.695862466189,2.86296584096775,6.59410451354457,17.4446938700871
"103",25.2655188139466,28.7706350664932,23981.9860859122,2,99.8586525413503,76.2879978701419,76.1979151681416,3.3797563705929,-2.13545459394964,15.66460457922
"104",23.0114212311647,26.122011436445,22729.782720787,2,87.4253532676432,72.7440473329524,73.0287261009382,3.19227561944398,-8.00041906631055,119.702349117751
"105",25.0873058839808,27.7944473014381,16746.3089045518,3,98.9393901334755,72.919592911058,2.4046996763787,3.22880420262053,-19.1043551594044,421.928737315152
"106",23.0408365900601,26.8131565817799,18219.297007804,4,89.7376185313253,67.3992298827848,2.59261678002145,3.14338424054148,-18.804674553107,349.81526492222
"107",21.0336799772325,26.1624742063133,7764.28216884099,4,83.1408183206269,63.5828878257963,2.61904993270523,3.01112246320068,-10.8493133953314,121.439437076313
"108",10.51136354103,14.0593315113019,1202.46299646735,1,43.0930643753495,31.0328372905634,43.3190077532592,2.42892106355778,20.3166010750624,548.092737570255
"109",16.5870858416087,21.1192150705408,9403.88168796001,4,66.3231795768107,51.7992979653135,1.64411288348739,2.73988481878853,1.34586449304316,2.61169632419416
"110",22.4066920772438,27.0731229309683,14222.2533539327,2,90.5129291202402,69.3709520264207,68.9278903707798,3.1119032851213,2.84018935359109,0.00247616774004592
"111",17.6848448099877,20.206844760769,7361.60704082715,4,69.3647082599344,54.4807765297317,4.01270463696187,2.74652802733194,-4.44881995924335,10.6835144695652
"112",18.6012915210999,21.2326098958167,10433.7161548349,3,76.2329640677886,61.0063482613796,2.81859368732829,2.93399350952752,20.4635158085079,245.039342187953
"113",17.9315492772442,20.4153831500614,3938.1787502901,4,72.5091250129263,60.0018516589545,1.53072474016171,2.94047306802321,3.38980859991764,4.25489025916811
"114",28.0938326049715,31.4907702943001,16870.5469189648,4,116.225462526579,88.7314185336731,1.10458166005082,3.17329984340414,-11.4350128317181,176.577463948292
"115",16.394721445681,19.0798496856723,6603.33732594877,4,66.3339615244753,52.4936949120783,1.98400298410315,2.71269994609813,1.29442224124225,8.46874866808503
"116",17.7345342133596,20.0498444126365,12685.5223069791,3,69.915627509561,48.3292022017941,2.91529116209886,2.82266101908209,-24.6905287999744,487.398002973913
"117",20.0712858040586,24.7035335930248,9675.98610593695,4,81.4214035899538,58.7259133933635,2.21135998091112,2.92182507253536,-16.8355204710851,366.786469393569
"118",21.0788231059766,23.3942893445292,10714.3502199313,4,84.4461861875125,62.236297728898,4.4490189601951,2.92937664241832,0.059041345913516,10.1939322240638
"119",20.9443509764655,23.6312740069108,5373.12529210559,1,80.2178198436217,58.0816616081438,80.0964544823035,3.16964831228842,9.70085686587425,75.9821932506932
"120",19.7492575283245,22.1092248759685,4789.6945281703,4,82.3436564269468,60.172485474027,3.40699058716339,2.76383183335906,6.94635355621119,31.5543417735412
"121",12.5229018404059,16.1582061981567,2575.2988857145,4,47.9165889455631,39.7031819185934,2.5239687208702,2.46400536820648,0.992356622282329,0.0533854070249393
"122",21.839188764168,24.8640371301244,6297.27549795183,2,87.508622521473,70.6103410468937,70.3112248913726,3.093709892919,-4.82334343068348,8.45705912516474
"123",22.5857201108779,25.8133423224607,13652.3001678742,2,94.5599928290122,65.8791464102994,65.105194747017,3.36757126829554,0.701450800296853,0.396619119856121
"124",17.5783226747448,20.3322544283622,15496.066625348,3,69.1541782166559,53.180787324235,2.93058837970746,2.874915879602,-0.363790375082345,2.47658795110275
"125",23.3742780796159,26.3985019089755,15392.4211602358,4,95.6943762306543,67.042314457344,3.17233952386841,3.01577855782054,1.9201460052698,5.49470675332549
"126",16.1877569738397,17.9431745081307,8760.9505303511,4,61.7443973933923,48.8672917812441,2.96159553108901,2.93176879211541,-9.0846367067426,152.788276358292
"127",21.9303689541908,23.7243944146554,9278.71423389939,2,90.3395720407457,63.42416000135,63.6652409906524,3.08215393323507,-5.41525944284261,15.5925721760181
"128",16.6799832767876,19.9530772271406,2108.21891930159,1,68.0142840498052,52.1046962744177,67.9679129070344,2.82174251563099,-2.67885155815026,17.2995019457525
"129",11.3782790242287,16.1076930578129,6578.67113331136,2,43.9142878016317,38.485244304746,38.1476600522833,2.29283003351227,5.15969811510315,68.9659184764434
"130",25.7815953965156,27.7166445276547,31917.0307206955,4,100.321606327822,75.9191104370108,1.40989933365347,3.19689902367848,-15.0245256207941,147.755390600615
"131",23.4675329493568,26.3537962610134,23871.843721995,3,88.2675091993847,73.7467277052129,0.601046735151591,2.92396396984335,-12.0129880548375,265.458181862041
"132",20.7157817808376,23.0720303099083,7687.57323719391,2,86.6181933197414,65.3982581196464,66.6473916880193,2.76384840895203,10.5005202630339,99.6104903317526
"133",27.4640678009035,31.4047162186594,29913.3116755511,3,107.092367750522,91.6442048667638,2.54660205483982,3.43146998754147,-18.179075442179,268.990901359217
"134",11.8392326052125,16.7580427811396,1534.81136652407,2,48.3766337799274,35.5902337669768,36.2989056915713,2.44470751478177,12.0382059563343,144.91614196958
"135",20.6392301167267,22.6331845666621,14218.6224541836,3,81.3343228598597,59.5461709017104,4.52762863677198,3.06266011866651,-23.6712342381424,571.314133090812
"136",7.9816813643497,11.5287639947643,1127.88284837848,1,28.6697531322257,23.489590539522,29.5401190528449,2.34821798768725,-3.51686184082025,17.1540841677425
"137",27.2196412778349,30.2534883363884,14883.598196872,2,106.324540038451,83.7821493427385,85.1006567265607,2.94717461365701,16.3142840433273,150.163563228751
"138",15.6055347484605,18.2897058190385,3564.12413635267,3,63.3150926516531,41.8136969318292,0.737241745614718,2.56735013086631,1.41249500432328,4.32190370316917
"139",13.4678083639217,16.756352956585,250.98990636116,3,52.2685576991716,42.2441293506152,3.75918747027281,2.58902547362471,3.12847033699633,21.114865462969
"140",15.6140050370657,18.2696128350099,8277.2561668934,3,59.9183453279922,47.9161346565857,0.817988855049662,2.72947804390393,13.3608974430326,117.580321950455
"141",14.1780977025523,17.2947291376374,4700.25026884067,4,56.4341772100192,33.989468391444,4.71744482895439,2.59262067407419,-20.1717675874407,296.754267290265
"142",10.0882615997231,13.6312275676718,3135.84358859972,4,39.872837764268,34.735387689613,0.852284930614988,2.58823119111899,6.09641243730085,47.1441939554874
"143",15.050278825682,19.1942263699655,3623.7609011307,1,57.9265049203412,40.8831103592416,56.9602072722341,2.87039415713549,-5.32104400607363,30.0320428796469
"144",19.2415769941705,20.9570281490753,15354.3796482299,2,77.9403273693583,53.5024318215926,56.9609831008958,3.23090200065117,13.641020193946,165.294725901001
"145",24.5625339532438,28.4823457436458,31782.751847557,4,97.6749410252593,70.4105329765103,3.1386332390696,3.11301431908877,-3.59786200101861,2.44003292148507
"146",22.0383490412226,24.1922588803512,13590.873420501,3,88.6234636684573,65.0397176091826,4.0077096740836,3.20577761131878,8.39214351217427,69.214272183429
"147",13.7890781239748,15.3697738510406,5931.42010160689,1,50.0932317713285,35.8685049856179,50.777167360405,2.68465616013697,-6.72914743994001,46.2526993225696
"148",16.7865279405459,17.1208303513915,6542.83027320795,3,63.6104843046834,50.8857210971321,4.23033433044154,2.99332027387793,-9.82084179017975,106.011409148329
"149",29.6512184441257,33.4863245849299,44968.4242866658,4,120.455038049837,89.9448102296042,3.33513311310029,3.39828414687312,11.6413445215668,110.197352666603
"150",22.050996820071,27.4284433690106,10526.8417247849,3,89.4816252609438,66.1798298033387,4.29195789122522,2.98113646523458,6.66531275360662,9.16746338769098
"151",13.5432533951414,16.5572231034133,2315.51579493936,4,52.6687627187838,41.7138665486862,2.99999768142614,2.62592746909357,6.28023390765468,37.1335031343311
"152",33.1752268738264,34.541802879188,30250.3057520416,2,134.862140910419,100.004923733374,99.8099745179119,3.62271910715984,-6.56332525751353,36.1076805394202
"153",22.4353614411512,25.9242939143716,16895.148161715,3,89.0697800259647,63.9215962160674,1.71705661818102,2.97463897395362,-5.92555620255819,62.0038583821373
"154",24.2694615897294,26.2502821805424,19441.4009154213,2,98.4760626923721,74.7302660553296,75.1590146977645,2.87022942450575,-5.5665381472117,48.9522319346464
"155",25.4422135272563,29.5327670101293,19181.6498975997,1,102.356134480608,79.1668955741992,102.490035115706,3.06493658151838,-1.04337593615072,1.69298080820729
"156",21.1300697854442,22.9905999804296,6453.54063249013,4,84.4553557162867,65.4369338974837,3.13302534319479,3.2707593442527,-15.4412803058806,155.53718215874
"157",20.3409941878103,23.3252685528039,12258.3043010347,3,78.9169467199914,56.1892498718033,3.00073117065297,3.09318670764992,-16.4967519167246,391.744631843989
"158",15.0759223367199,18.3734136189755,3911.1822710275,4,60.4051216260291,43.9973120587411,2.68712151729369,3.02250290945216,-7.70440662417823,126.0765053306
"159",13.4457278907813,19.6463179308179,6542.95193160554,2,53.5281426027545,40.3139889520859,38.8214674052096,2.62251993489042,3.25394887221831,52.9285332887859
"160",32.3202766761509,35.4095209205116,43555.0898156433,4,131.42725070213,103.013417187997,2.11927742900988,3.44617426686289,-6.94970200954231,27.1684461697663
"161",16.6728596506947,20.2438319886865,4822.62282713216,3,64.3642296901678,50.4015746602503,4.06301522140823,2.97350183677046,10.2792828490139,110.296616522895
"162",24.5643132401131,28.092998870551,12932.9729906714,1,99.5833790526479,72.3397612541253,99.9329747173459,3.09238224457644,14.3132235119009,207.816235229638
"163",24.8233211314468,27.3824163332262,24367.655857634,3,97.8225788370376,74.7712793075277,3.89969578638533,3.12819536194355,-7.3242591204109,90.2463207500796
"164",28.0400146856585,30.3672213172968,21014.3327697365,2,111.732716669372,83.0744108186205,81.3907097007249,3.45261981216756,-6.76606393045487,38.324612789849
"165",29.1769976245108,34.3313109891894,34078.0961482764,3,120.132476162651,89.7396239444992,2.13407908306187,3.37346412044148,8.86077747556721,79.2593839487029
"166",23.5123136662227,27.1061663825277,15502.3300807348,4,94.5944163521081,72.1881651476155,4.23544416788808,3.11104107537665,-7.50619936628263,29.3422937053111
"167",26.0892703937698,28.7052066257354,19376.1202698589,2,104.485079452149,81.8901217591197,81.3722456494817,3.20610541470809,8.84679750176277,68.4612911349071
"168",14.3817308542688,18.1015141304596,4913.70704146254,2,58.8540639426525,38.9723899193535,38.8232420243647,2.5108231115104,19.3459830077959,344.858883642735
"169",23.3416505776966,28.0498239796558,17975.5473362969,2,95.9081132283743,70.8601478390238,69.7736206427338,3.13675478222551,6.12072620424717,62.8146295134453
"170",26.0820574416826,30.1572731091533,18123.889609201,4,105.697773475288,77.2792064093641,3.13286864186861,3.15341227790735,4.71329421150772,46.0696181396603
"171",21.1728767697408,24.9502971369597,15480.2093324837,4,84.4158010715116,61.8334871518242,2.2984700732762,3.13099961483885,-2.61051423754729,3.75790906271213
"172",17.9065170624881,20.958717109397,8930.23550824832,1,72.1668053872215,50.6765963219885,71.5087030991029,2.78939347394242,11.2990739828531,194.290997326831
"173",21.1911004498089,23.1074019647729,19986.199794668,2,81.6783504455361,66.9812876162612,67.1749793150805,2.90517436193794,2.04133793940892,7.72297337498265
"174",17.2470590396479,20.2382028327922,3300.64708156229,4,71.3783884416031,47.4112398336459,4.09650466782194,2.90444360489187,3.50530253226836,14.18640790968
"175",17.4969861573903,22.5276292695691,4113.65760982224,1,71.1508223311634,50.4064710812904,70.7463811498564,2.98649962350118,9.11886045896687,107.146001193877
"176",25.8194874602095,27.706158526974,21203.2231468807,1,104.677175712842,80.4680439496586,104.240184748091,3.1727793036245,7.99292371699435,86.9686557499268
"177",30.7776847721296,34.9159566967071,36814.4460393141,2,125.121390061501,97.4815780817952,97.8114884497164,3.47249532294767,11.5802556340013,148.907334820719
"178",11.4542149544875,13.8393223123387,4312.45164599882,4,42.7285043121244,36.6918069184402,3.52241837017679,2.33100198084923,20.3326495242986,251.440302417424
"179",11.9958869243828,12.8023503094403,2105.70852680827,1,47.2615630109482,38.3538215705345,46.1714659594519,2.75338840229051,1.2705087779727,2.71880439201426
"180",14.8072329326865,16.5915465606035,3456.8121424788,4,61.7446485864739,39.5373766743659,0.755460457707323,2.73821299889769,8.46213659665247,41.6875936040417
"181",21.6154711030564,24.5701447415505,22239.4636971253,1,86.140108047079,69.1957736982072,87.1718993265637,2.98838984781309,2.36349079847931,3.73017073812752
"182",15.5557642313241,20.1545768557022,4191.95582668128,3,62.0853858066023,43.7545858107219,3.68416345013103,2.9934840143018,10.1609105411672,136.595489253651
"183",21.9683949094255,25.8959371089466,10243.6266061845,2,87.1814346799971,67.7972782952234,68.2897652544748,3.11394673359043,3.19009518641434,1.75909709491192
"184",21.1827073403347,25.0119918927557,8155.23101261998,1,85.5871102940976,66.1862932115348,86.1941167717487,2.88752723780266,-8.27649263985494,68.1176433690798
"185",17.8475159325653,21.8721198083671,4643.62770819351,2,75.0282634682027,50.1560147801296,52.3320018476625,2.87682070616528,-9.23257416503212,68.4822589556907
"186",17.2603343683244,19.7840963000139,5210.37686024555,4,67.142369669553,52.5738757198867,2.2399598141679,2.93957980451602,10.1336185800007,135.894389210046
"187",13.3887417058224,18.0276100987035,7532.24906040108,1,53.6527872113146,40.4398098512273,52.7508387338036,2.55373195548235,-13.8242533415504,248.244874913292
"188",23.410633746906,25.7785827886485,16028.5115415444,1,93.4734809055769,72.4540181772928,93.6235969931567,3.22765022181019,5.53842477416698,27.5174430604657
"189",30.8139474076601,32.4343288316583,34856.0910972199,4,122.957398500576,94.3137522930532,3.7478705686015,3.27548460079373,-0.624713884393117,1.2436463170909
"190",17.9166517535363,20.6591960054771,9868.00349969185,4,69.8325712869883,51.909405846978,5.0382844597751,3.14272097672255,8.38350598140793,80.8262686482681
"191",13.2134105153672,17.8933832267785,4148.90968818922,2,50.1855974562504,36.4012847866986,35.144454995288,2.67201797745347,-1.99763951873165,6.6137881482371
"192",16.6438676904023,17.098009652724,6343.26362592204,2,63.5667563540793,54.4784534674958,55.4299267427113,2.83234136573045,-3.58409636498681,23.0466126359905
"193",23.2495912172646,26.2616700013238,31949.9167800575,2,92.1371162645115,65.4212133586179,65.8151804515646,3.32770295513365,-3.48633324015778,1.69636766182486
"194",23.8564558738554,28.817380985021,18843.9653272122,2,95.3711975067398,73.5593308082243,73.2349999980414,2.89663921409556,-20.3511946872214,410.048338728496
"195",33.38315963592,35.9972541547452,36296.7516560282,2,137.837563559658,101.996134067819,101.070839282952,3.47355096844339,-0.561257744746686,17.5379134915735
"196",13.145642893731,17.0564004416481,9572.6727383052,4,54.1891899758175,37.5503044254465,2.29676908170827,2.66570070601342,17.1345898207517,356.790432501812
"197",20.288795727479,21.8406649332824,8011.44531845645,4,79.5957541185899,61.7845502357159,3.3875387599157,2.7422969772482,1.59685280469542,0.00214782948646113
"198",19.0146624591618,20.8930478629439,11600.9761607779,1,71.130437595526,59.5466786499272,71.87127525008,3.07882025256632,-10.7950456889449,164.230843887854
"199",13.692411872389,15.7187939665436,703.097389103598,1,56.0264482944662,38.7035433160401,55.8640561753619,2.51837611851733,20.5989715302225,322.764122810279
"200",16.6877871918174,19.6206002699104,3103.27643811234,3,65.4151652257646,46.7862299631812,4.28870288704108,3.01854376411836,-3.42994935186013,9.76555559322831
"201",13.3382383775881,14.1983964645115,6307.53305948617,2,53.176657472142,35.3550798752723,35.6546408304133,2.87413347585834,13.852618594348,195.682352921176
"202",21.3866181039302,23.1231388599041,14568.2811448643,2,87.4696107283113,60.3083173622246,61.5247773246416,3.02091660998981,1.06441903966352,1.33352214871721
"203",25.4276692445676,28.5109772133787,29609.1084928851,3,104.641610947174,77.2314350406268,2.66237524402853,2.99890769916334,-5.91039539119301,56.147732024308
"204",11.7864075526337,14.9747326823671,6491.87845885469,2,46.6008080740257,42.4644452083695,44.0500745778941,2.62169140810401,-0.276262416685777,3.82137071561314
"205",17.714098707792,20.9039129012293,6730.08912135647,3,69.2812332753015,59.6541248599972,3.48141325225413,2.83755351357361,2.18138850936973,12.0155567491467
"206",27.3058592272625,30.5234745796027,17207.3943161315,1,111.41889216437,79.9905641621422,110.785517544528,3.41878535837704,-1.21372900414708,0.242163523767408
"207",11.6373369882125,13.9885228464587,4301.15598385965,2,46.7625543367837,36.0481024999054,36.4538476739381,2.56756809745355,-11.1188133242541,109.884311147892
"208",27.8054799821928,31.060254365235,28478.9898183267,3,108.50152537883,86.4896777176907,2.30571461435116,3.52581843302551,2.00731990089509,12.0192879787824
"209",12.5331467608888,15.0643167462364,3021.41914671941,1,51.2126569974078,38.1009953203812,50.3171361543724,2.3329998803213,0.320848243950353,7.27266613924349
"210",14.0877542970599,15.8952442432234,3986.85313326022,3,61.6955138697706,42.3808246486769,2.28009719597088,2.50677935040087,-13.5753652524138,170.897766133454
"211",18.2170655951711,21.3382938303203,2782.61861854415,2,73.0234194569808,54.4218176592601,53.6383593509997,2.70214153358027,-11.9683007600568,293.102329745324
"212",15.421799376909,17.385866719293,5457.17761309013,1,59.9203307473656,47.9836524009969,61.9547960506207,2.72534757443923,3.59567075476439,11.3255504829466
"213",24.2474274252135,27.0555391304604,15183.7796299727,2,94.339596441513,76.0457976892215,74.7651236284758,3.54014975345429,15.789369700558,210.350270461149
"214",17.5519638094438,19.5814174729688,9247.47602627441,4,72.4435846839295,54.1610491912586,2.33155309275321,2.88535980386336,17.256162435424,242.14881913033
"215",23.6399160509468,26.6976879885967,21703.8356640139,4,94.4225495825534,69.7390335815564,2.5667904636634,3.40215585482517,1.47578451241862,0.0203908996417467
"216",16.9034339065343,17.7927412318989,7325.34851915866,2,67.0158610089922,46.1477238079021,43.8312079935695,3.09785882906514,-6.7516028551821,49.4116132650683
"217",21.7186777148098,25.6968539887978,13037.8356458271,3,84.6375153375306,65.6984084043716,3.42331068448316,3.32479078270873,4.85413229440066,37.2090659864233
"218",29.068127003559,32.4391487403221,35868.5216899883,1,115.426571932046,84.4752967084378,118.4298389888,3.46409739423863,-12.1288161997339,194.305959757798
"219",27.2661341497162,30.987045080275,15390.2805856193,2,109.038732546818,79.5222498234603,79.6371498324903,3.07635850595027,-2.88569687071259,0.369610606228079
"220",22.0621472149345,26.94174209513,9959.10527693216,4,88.1684118469785,67.0981611579681,2.31602133037327,2.94000323520673,-9.16919383104393,51.3094576359002
"221",21.0098797968713,23.6135636847969,14772.3116091805,2,84.2701436576003,66.8179535127647,66.7369918747879,2.90577946705662,7.73800083761716,48.0230557318092
"222",28.4217344921855,31.5320574396584,33758.137222931,2,111.337054077406,85.8670332672902,85.2802953643538,3.50152764673506,-9.62679858677806,139.161640539953
"223",15.1758776103284,17.5827367290892,8837.1472954232,4,61.7010525025195,43.1420809634562,2.61567641670156,2.81225944104488,-10.7170983585164,85.7221469918627
"224",23.3107759712234,26.7303977410311,18572.8096346551,2,90.7194176310255,70.0599142281548,71.4163695954565,3.05202106421466,-0.497548051896768,0.00319667256902604
"225",17.2332800300181,19.687541286795,6668.59003394907,4,68.9639113656738,56.1907996102075,4.34730233128636,2.73485738746791,-10.169686214901,190.46168447654
"226",32.2210261529155,36.3819476523865,29617.2443749976,2,125.213416085323,99.2634227171851,99.7617169752335,3.31305693712638,-12.2277152651877,155.142828092659
"227",18.4768508180413,22.1166686524059,3700.4648608895,2,68.9318484649579,57.8231859858405,58.226850794741,2.96638151820563,7.56757238438443,0.263370217035694
"228",19.4131506573921,22.2911302142012,15269.5862356778,3,75.608643292018,53.8766934764732,3.19282439679939,3.004756417792,17.7241736221754,208.143514292882
"229",24.8471439359107,28.0317889623464,23286.065006055,1,97.6220391813508,73.0932606895318,97.1203374949864,3.09363317537791,-8.88510733145305,118.248369059177
"230",22.954698149713,25.4368921270667,12272.8376496968,1,87.0014734840596,73.3389546093189,87.4513621532607,2.93035195878596,8.64267316339111,91.6175404167799
"231",13.9552079923831,17.0231963446359,2301.53219569648,4,50.6861431165491,43.8558062695111,1.57871531034492,2.58005424086495,2.0234283739247,0.126717817780603
"232",18.4903578829714,21.3055607274177,12940.3559225347,3,78.0018675049121,50.1137357129178,2.79862602114323,2.81501592244932,-8.30634434756068,134.215878765193
"233",22.0063023757653,23.6026107605701,9715.18849985128,1,89.4951008374194,63.2507752318846,90.8054489570348,3.0643920347708,5.1968398619765,35.4614042072387
"234",11.5581587930091,14.7878994985586,5392.60022762772,3,44.1818957103315,33.991192253534,2.22429888130501,2.51036048090751,2.27711068675364,0.469153909803523
"235",16.43503764311,18.5459563416547,7366.94111674362,2,68.496080508514,46.0881438524887,46.6362155186324,2.61332615162848,15.2553764026221,200.4922355359
"236",18.7284983167012,21.5680971400019,14732.6620490822,2,74.3155227457715,58.4238023873613,59.113805934765,2.95443338726593,-7.78695451701896,115.381717722654
"237",14.9921658576427,17.750029063976,13079.4291043958,2,61.4922659313194,42.787000254054,42.4995596871019,2.79475645740538,4.32886804608488,14.0876057626433
"238",15.3794982321891,18.3506610358636,12134.8242280495,2,62.6780092291682,48.9675223121831,48.4486219613633,2.70094996801838,5.8823590062499,34.7675042874465
"239",22.2012278447823,24.8850123705797,18413.3408728346,4,90.2062519755695,66.5048549519496,2.77816004700699,2.80561494478646,14.1111464814686,162.130223148153
"240",18.3659169452526,20.9497568578289,5838.81029264996,4,74.0937782443982,53.2544023016547,3.0904786011461,2.98719178368615,-7.69372304028543,40.3007548633905
"241",18.6276206233786,20.6037246663527,5828.79090275155,1,71.5112814348985,53.8859724685404,72.274763300315,2.71652628212937,-3.30308907670732,46.9621843711553
"242",26.4207102943472,30.5202055694556,15175.8228856145,1,103.485980332555,78.1561101130848,102.510975185665,3.64915973493546,18.8097198349713,364.858855514878
"243",21.5210588829333,25.3387713534055,22836.2398123001,4,83.1636594966428,64.293849648853,2.7872165107001,3.0497251726919,3.3322563824848,1.01390840896652
"244",26.3684132795066,29.5372887891345,26630.5681381615,2,109.323093175327,81.204172472563,82.4546348051916,3.28708018444693,-8.04992033975749,95.8565757790715
"245",25.1672396611922,28.2059051016218,32691.006860481,3,99.9561493616759,69.9180750371938,1.86633769019514,3.07444967064968,5.53976663412738,26.0423349524997
"246",23.3269207807122,27.4050956724844,20198.4217556105,1,93.2056875472613,73.2918508633944,93.4015245850906,3.00862034793366,-0.877531339054495,3.95516837227166
"247",18.4333594570742,21.8127867541682,5113.39607891494,1,73.6927968698632,57.2805646154228,74.2812826941566,3.14969718634106,14.3916888027251,336.513008039133
"248",22.3203834266156,24.2422088676545,7074.13133827025,4,89.1603255780153,68.1988446787459,1.71479425662116,3.14793688579209,-5.27735846634034,56.4897045723091
"249",22.3930292990619,25.5817927673568,9703.63228746151,1,87.9884956843568,62.3591810497599,87.1269707765425,3.11395110154917,12.8355262887987,173.936376371996
"250",32.68117897373,37.2643124812813,39303.5165872463,1,130.815333058692,95.6284725088846,131.09832517068,3.58029395670963,28.2379094282029,647.429723804903
"251",17.3246845732144,20.074572278022,12249.8344727176,2,70.7361610806628,48.7363989727818,48.5246219907575,2.89955952385899,-11.5594865665949,78.1335563703387
"252",26.8405311104391,30.1835253298472,19910.8962986992,3,107.73666672902,82.5763965519568,1.80408885535704,3.24625926704108,16.0231000726284,295.929663799937
"253",20.7092214506413,23.5845195676006,17184.4033544676,4,87.069653729552,67.7811807657154,3.00429469904711,2.90061630263561,9.0542237637954,27.543464819905
"254",16.0859251553062,18.0926103923053,5369.94079513514,3,67.425555301635,43.8453167586879,2.14808662596933,2.72248176341771,4.40068353110324,48.8332199295595
"255",29.4075936644625,31.386154579394,27366.2390699065,1,118.079483586536,87.5565590798899,117.676057812025,3.64483035711478,9.4070545421856,33.2926846058461
"256",22.7646143232361,26.6052572510912,5442.27962553657,2,89.6256556775366,71.1193837348634,71.2593435586273,3.11001026809056,18.1615375622734,382.393440439639
"257",10.7757170828148,14.6252902010314,5558.31979780889,4,42.5327259171665,34.0218550331238,3.79085349792176,2.38372979105224,-1.33706133505584,3.83392790991005
"258",17.2484604315323,20.7180793735916,4867.43282639334,3,66.1637356512609,48.5516374035072,4.0520929557565,2.76793198005528,-3.49253571642839,10.6807668138975
"259",19.8699262068723,21.6002709459794,14065.1297978001,1,82.1904799774699,63.9658534145153,81.5125111729334,2.90395100543817,-4.66574622219127,3.16001237063469
"260",9.20374819209888,11.0986279732556,3856.50719105112,2,37.7804925449606,23.2785532673229,24.2641060955317,2.23669592401309,-8.08689575632513,71.6578412675512
"261",28.8530004021479,29.9550544369873,35354.7547074879,4,113.701136841188,84.2970010616578,2.63183637216343,3.42281933883759,-2.18243950057807,3.1338881031276
"262",23.8023674112994,27.294154676201,20316.2899332234,2,96.2503548107954,74.5571407084358,75.0666440088346,3.37632543085917,-5.93354529186238,72.1924761259424
"263",17.5772857699433,19.8725634531173,6663.75494717768,4,69.6852655787255,54.869809687943,2.9590659246758,2.98608365335605,-5.77299783081872,12.7933654486902
"264",17.6361805036494,22.4137566334158,5495.90117889345,2,71.2300753440932,50.2089330723473,49.6670307093107,2.76750552960111,3.25302405911105,10.4017422002628
"265",21.658360373178,24.4129713438383,16280.3362409447,1,84.9191494130035,64.9138494417454,85.0224278488634,2.9015256891521,-9.9527379625164,134.569810646274
"266",15.1384960121614,16.0272436941989,3242.18782314999,4,61.9805770514127,49.2245147944173,4.25689748360431,2.31188115926073,-14.7085984963177,333.045578191134
"267",17.3437789530262,19.7584644171938,10533.2215910291,2,72.1929529569874,52.3802420570302,53.7633221619574,2.77248255902061,6.80340732718045,11.7101548455382
"268",20.3101837007626,22.7922799748741,15841.7454350683,1,81.6147316833183,60.0872456891328,81.0558070724257,2.99328403417303,-5.78462810039337,44.3406009768299
"269",20.5176499399807,24.0315690852192,8171.36007138418,4,78.7263874621076,62.7810603361482,2.49919312314486,3.26348383237305,-5.55133366428766,16.6986519122039
"270",25.8489966442516,28.222569725411,32545.6542490972,4,99.2129789146315,79.0405181311377,2.99825317474799,3.29900668355201,3.28334893665919,3.19963247634414
"271",21.9709460055993,25.1630886007215,13875.7214385391,3,91.0301892400546,58.5797564311001,2.34098576384945,3.13363333331594,-9.5003349789783,41.9885910226826
"272",19.329488193058,20.9022102013703,5612.86406312109,3,77.0379467677082,55.3987677759959,4.17995422751661,2.75107049104562,19.0127874602795,418.614241967135
"273",18.1006221709226,21.5016131989025,9436.09102099115,3,71.0191649362674,55.4369131458715,3.4861306031569,2.80208658899194,7.31758786756584,91.1083910763102
"274",26.3933329077189,30.5548978637631,27406.4732829474,4,108.82010105555,84.5278919641713,3.35393417153681,3.26948001704989,-7.42765468416526,44.7431504468533
"275",16.5033384526746,19.8296852572231,2870.99944097379,1,65.5344651032404,50.9900921158622,64.28096475153,2.80448322968765,15.5854250873436,167.572577177668
"276",22.8212526281758,24.8062703547537,21667.0990733839,4,92.3818919002865,69.3401336779373,2.14900110216775,3.17211449020659,-0.396716613591712,0.126422063164993
"277",21.5147097791036,24.6159681413863,14662.2422622707,1,87.7094837226308,66.2601925942883,88.2880274929828,3.2214510398495,10.3148009190775,123.541180804772
"278",21.0772057838655,25.0690990630104,10039.222029336,2,85.6832974344356,62.5887666630344,62.2610115478079,3.41893772670195,9.34717247501087,65.4522467590625
"279",24.6050149966089,28.707665755294,17945.3967443944,3,98.2071847796669,73.1131784368841,2.5120624268792,3.10443102890347,-9.13973467089042,139.628965468791
"280",15.5622405382909,18.8426155548762,2336.63967427294,3,61.2109774975688,49.7233611273348,3.08262383659912,2.75645939314108,-11.3946307537519,153.454444166022
"281",19.9855349301528,22.5793575204653,13394.9748185496,2,74.8546470176111,60.7931640681585,60.320477184174,2.86857969864521,-17.3783146071804,385.582228165336
"282",19.0241318788669,23.3105445690116,13196.1592111701,4,74.9653802720855,55.0619878234769,3.10921674077147,2.9827521415353,-2.08881624882711,1.18210249219944
"283",8.82660549377683,11.5725749151657,1814.31707625935,2,36.5243975369965,26.7989684592218,25.8923804991569,2.12095387321988,7.55597603799516,12.2093622998366
"284",22.3916149248452,24.2471662211306,8394.80586515533,2,87.2345379887541,68.9607084077007,69.7495949335265,3.38862736858993,2.78189765983822,27.858932893193
"285",28.1134600770079,31.3798709871532,32906.075438039,1,115.945164844643,86.6286714157246,117.431601858307,3.48665732413736,4.19573673143767,25.8200871217575
"286",14.0196295722809,17.6564853206207,4275.1385285982,1,56.8709484699739,41.0337740155576,57.6134081221317,2.81713734669737,-8.58429849839515,89.4039293774744
"287",28.2975458108267,29.8954307181273,27897.3060001209,4,115.442983841519,89.7282238639366,2.6225570484645,3.25440938544616,-21.5690171810095,485.79866682182
"288",21.0227271694144,22.5109023423976,15976.9736220118,2,82.8681577530532,62.1193020250485,62.3474944680244,2.95777473448003,-0.225824412377751,7.11552961270242
"289",26.9298792635429,29.6286864042794,24926.065046315,4,105.900677755618,76.4409008334799,1.8350330163333,3.33495674813538,4.44538440821506,4.79814448089655
"290",15.7109410260001,19.2023021748826,4109.97035991371,4,61.4989742812408,48.4847646231154,3.26494113315547,2.5696081521853,4.67738781568708,30.9034434429502
"291",23.4293103793431,25.5311538835645,16484.7697891916,3,94.4219860215512,73.6776302316746,4.43822863111879,3.13909973019212,2.33600882337273,4.36445342364661
"292",17.0916873022768,18.5166324878114,5274.45255222447,3,66.6193948936821,45.4010369360356,3.36110406231024,3.06312860204508,-0.867289756902856,5.29989441292064
"293",16.5772354519056,19.0739787849819,13558.0814609904,2,60.6553738950823,49.2402474394404,49.6928185312835,3.03211333745223,-11.1590264956174,54.7348694533267
"294",21.8923646104786,24.2694561695127,14533.2942013545,3,88.3147569063647,59.4313515166253,4.48435479609694,3.35478963933535,14.896609637597,245.369777060582
"295",26.5647870480756,28.8799570583758,32037.3634918477,4,104.363789130109,76.6517674236962,2.11119913042031,3.1595713848873,4.86124869231211,30.1225428961402
"296",21.5701076042768,24.3485908398692,22146.7920840246,1,86.7461558795663,65.04741149761,86.7165702869726,3.32263518450721,5.12632296474033,63.3827895555882
"297",17.4890741303973,20.8771249630911,9895.38302357896,1,69.7465495718095,48.5714300010103,68.3395546666813,2.67679306527231,2.54736520585536,0.000221339449079773
"298",26.2605730176037,28.4542565618966,17065.8437847308,4,108.056065008581,76.0138858353074,4.83336147261148,3.29969617558907,6.1650866569602,20.835302781182
"299",18.4842231098466,20.9370100554866,10173.5830687951,3,76.323359428674,51.5143801108711,3.83908954799981,2.95490700494565,-15.4301875342438,200.741769137758
"300",24.056159322224,28.2696534663107,15470.4151234918,2,100.097463591723,71.7407913253925,69.8806483437716,3.0297373628553,-2.73644351968888,5.02723260400592
